{"cameraMode":{"drawMode":0,"name":"Shaded","section":"Shading Mode"},"sceneLighting":false,"audioPlay":false,"sceneViewState":{"showFog":true,"showMaterialUpdate":false,"showSkybox":false,"showFlares":true,"showImageEffects":true,"showParticleSystems":true},"in2DMode":false,"pivot":{"x":-0.002698183059692383,"y":1.2058026790618897,"z":0.14949679374694825},"rotation":{"x":0.2615286111831665,"y":-0.2705307900905609,"z":0.07660895586013794,"w":0.9233710765838623},"size":2.1399710178375246,"orthographic":true}