{"cameraMode":{"drawMode":0,"name":"Shaded","section":"Shading Mode"},"sceneLighting":true,"audioPlay":false,"sceneViewState":{"showFog":true,"showMaterialUpdate":false,"showSkybox":true,"showFlares":true,"showImageEffects":true,"showParticleSystems":true},"in2DMode":false,"pivot":{"x":-1.4766197204589844,"y":3.9684371948242189,"z":7.5539398193359379},"rotation":{"x":-0.14310304820537568,"y":0.25149399042129519,"z":-0.037617240101099017,"w":-0.9565462470054627},"size":28.55797576904297,"orthographic":false}