{"cameraMode":{"drawMode":0,"name":"Shaded","section":"Shading Mode"},"sceneLighting":false,"audioPlay":false,"sceneViewState":{"showFog":true,"showMaterialUpdate":false,"showSkybox":false,"showFlares":true,"showImageEffects":true,"showParticleSystems":true},"in2DMode":false,"pivot":{"x":-2.9802322387695315e-8,"y":0.18307429552078248,"z":0.0},"rotation":{"x":-0.17724740505218507,"y":0.5112290382385254,"z":-0.10862047970294953,"w":-0.8339942097663879},"size":2.0248312950134279,"orthographic":true}