{"cameraMode":{"drawMode":0,"name":"Shaded","section":"Shading Mode"},"sceneLighting":false,"audioPlay":false,"sceneViewState":{"showFog":true,"showMaterialUpdate":false,"showSkybox":false,"showFlares":true,"showImageEffects":true,"showParticleSystems":true},"in2DMode":false,"pivot":{"x":-0.002698183059692383,"y":1.1470872163772584,"z":-0.02871835231781006},"rotation":{"x":0.19035419821739198,"y":-0.39881882071495058,"z":0.08499086648225784,"w":0.8930554389953613},"size":1.9834694862365723,"orthographic":true}